slug,intro,history,architecture,ktitor_text,art_frescoes,interesting_facts,sources_json
studenica,Manastir Studenica je značajna pravoslavna svetinja i duhovno mesto u oblasti Raška.,"Istorijat Manastir Studenica obuhvata vreme nastanka, obnove i očuvanja crkvenog života kroz različite epohe.",Arhitektura Manastir Studenica prati tradiciju srpske sakralne gradnje i kasnije obnove.,Ktitornu tradiciju Manastir Studenica čine zadužbinari i dobročinitelji povezani sa istorijom kraja.,"Umetnička baština Manastir Studenica obuhvata ikone, freske ili liturgijske predmete.",Danas Manastir Studenica predstavlja mesto hodočašća i kulturnog sećanja.,"[{""title"": ""SPC / opšti izvor"", ""url"": ""https://spc.rs""}]"
zica,Manastir Žiča je značajna pravoslavna svetinja i duhovno mesto u oblasti Raška.,"Istorijat Manastir Žiča obuhvata vreme nastanka, obnove i očuvanja crkvenog života kroz različite epohe.",Arhitektura Manastir Žiča prati tradiciju srpske sakralne gradnje i kasnije obnove.,Ktitornu tradiciju Manastir Žiča čine zadužbinari i dobročinitelji povezani sa istorijom kraja.,"Umetnička baština Manastir Žiča obuhvata ikone, freske ili liturgijske predmete.",Danas Manastir Žiča predstavlja mesto hodočašća i kulturnog sećanja.,"[{""title"": ""SPC / opšti izvor"", ""url"": ""https://spc.rs""}]"
mileseva,Manastir Mileševa je značajna pravoslavna svetinja i duhovno mesto u oblasti Jugozapadna Srbija.,"Istorijat Manastir Mileševa obuhvata vreme nastanka, obnove i očuvanja crkvenog života kroz različite epohe.",Arhitektura Manastir Mileševa prati tradiciju srpske sakralne gradnje i kasnije obnove.,Ktitornu tradiciju Manastir Mileševa čine zadužbinari i dobročinitelji povezani sa istorijom kraja.,"Umetnička baština Manastir Mileševa obuhvata ikone, freske ili liturgijske predmete.",Danas Manastir Mileševa predstavlja mesto hodočašća i kulturnog sećanja.,"[{""title"": ""SPC / opšti izvor"", ""url"": ""https://spc.rs""}]"
sopocani,Manastir Sopoćani je značajna pravoslavna svetinja i duhovno mesto u oblasti Raška.,"Istorijat Manastir Sopoćani obuhvata vreme nastanka, obnove i očuvanja crkvenog života kroz različite epohe.",Arhitektura Manastir Sopoćani prati tradiciju srpske sakralne gradnje i kasnije obnove.,Ktitornu tradiciju Manastir Sopoćani čine zadužbinari i dobročinitelji povezani sa istorijom kraja.,"Umetnička baština Manastir Sopoćani obuhvata ikone, freske ili liturgijske predmete.",Danas Manastir Sopoćani predstavlja mesto hodočašća i kulturnog sećanja.,"[{""title"": ""SPC / opšti izvor"", ""url"": ""https://spc.rs""}]"
djurdjevi-stupovi,Manastir Đurđevi Stupovi je značajna pravoslavna svetinja i duhovno mesto u oblasti Raška.,"Istorijat Manastir Đurđevi Stupovi obuhvata vreme nastanka, obnove i očuvanja crkvenog života kroz različite epohe.",Arhitektura Manastir Đurđevi Stupovi prati tradiciju srpske sakralne gradnje i kasnije obnove.,Ktitornu tradiciju Manastir Đurđevi Stupovi čine zadužbinari i dobročinitelji povezani sa istorijom kraja.,"Umetnička baština Manastir Đurđevi Stupovi obuhvata ikone, freske ili liturgijske predmete.",Danas Manastir Đurđevi Stupovi predstavlja mesto hodočašća i kulturnog sećanja.,"[{""title"": ""SPC / opšti izvor"", ""url"": ""https://spc.rs""}]"
manasija,Manastir Manasija je značajna pravoslavna svetinja i duhovno mesto u oblasti Pomoravlje.,"Istorijat Manastir Manasija obuhvata vreme nastanka, obnove i očuvanja crkvenog života kroz različite epohe.",Arhitektura Manastir Manasija prati tradiciju srpske sakralne gradnje i kasnije obnove.,Ktitornu tradiciju Manastir Manasija čine zadužbinari i dobročinitelji povezani sa istorijom kraja.,"Umetnička baština Manastir Manasija obuhvata ikone, freske ili liturgijske predmete.",Danas Manastir Manasija predstavlja mesto hodočašća i kulturnog sećanja.,"[{""title"": ""SPC / opšti izvor"", ""url"": ""https://spc.rs""}]"
ravanica,Manastir Ravanica je značajna pravoslavna svetinja i duhovno mesto u oblasti Pomoravlje.,"Istorijat Manastir Ravanica obuhvata vreme nastanka, obnove i očuvanja crkvenog života kroz različite epohe.",Arhitektura Manastir Ravanica prati tradiciju srpske sakralne gradnje i kasnije obnove.,Ktitornu tradiciju Manastir Ravanica čine zadužbinari i dobročinitelji povezani sa istorijom kraja.,"Umetnička baština Manastir Ravanica obuhvata ikone, freske ili liturgijske predmete.",Danas Manastir Ravanica predstavlja mesto hodočašća i kulturnog sećanja.,"[{""title"": ""SPC / opšti izvor"", ""url"": ""https://spc.rs""}]"
ljubostinja,Manastir Ljubostinja je značajna pravoslavna svetinja i duhovno mesto u oblasti Rasina.,"Istorijat Manastir Ljubostinja obuhvata vreme nastanka, obnove i očuvanja crkvenog života kroz različite epohe.",Arhitektura Manastir Ljubostinja prati tradiciju srpske sakralne gradnje i kasnije obnove.,Ktitornu tradiciju Manastir Ljubostinja čine zadužbinari i dobročinitelji povezani sa istorijom kraja.,"Umetnička baština Manastir Ljubostinja obuhvata ikone, freske ili liturgijske predmete.",Danas Manastir Ljubostinja predstavlja mesto hodočašća i kulturnog sećanja.,"[{""title"": ""SPC / opšti izvor"", ""url"": ""https://spc.rs""}]"
kalenic,Manastir Kalenić je značajna pravoslavna svetinja i duhovno mesto u oblasti Šumadija i Pomoravlje.,"Istorijat Manastir Kalenić obuhvata vreme nastanka, obnove i očuvanja crkvenog života kroz različite epohe.",Arhitektura Manastir Kalenić prati tradiciju srpske sakralne gradnje i kasnije obnove.,Ktitornu tradiciju Manastir Kalenić čine zadužbinari i dobročinitelji povezani sa istorijom kraja.,"Umetnička baština Manastir Kalenić obuhvata ikone, freske ili liturgijske predmete.",Danas Manastir Kalenić predstavlja mesto hodočašća i kulturnog sećanja.,"[{""title"": ""SPC / opšti izvor"", ""url"": ""https://spc.rs""}]"
naupara,Manastir Naupara je značajna pravoslavna svetinja i duhovno mesto u oblasti Rasina.,"Istorijat Manastir Naupara obuhvata vreme nastanka, obnove i očuvanja crkvenog života kroz različite epohe.",Arhitektura Manastir Naupara prati tradiciju srpske sakralne gradnje i kasnije obnove.,Ktitornu tradiciju Manastir Naupara čine zadužbinari i dobročinitelji povezani sa istorijom kraja.,"Umetnička baština Manastir Naupara obuhvata ikone, freske ili liturgijske predmete.",Danas Manastir Naupara predstavlja mesto hodočašća i kulturnog sećanja.,"[{""title"": ""SPC / opšti izvor"", ""url"": ""https://spc.rs""}]"
tumane,Manastir Tumane je značajna pravoslavna svetinja i duhovno mesto u oblasti Istočna Srbija.,"Istorijat Manastir Tumane obuhvata vreme nastanka, obnove i očuvanja crkvenog života kroz različite epohe.",Arhitektura Manastir Tumane prati tradiciju srpske sakralne gradnje i kasnije obnove.,Ktitornu tradiciju Manastir Tumane čine zadužbinari i dobročinitelji povezani sa istorijom kraja.,"Umetnička baština Manastir Tumane obuhvata ikone, freske ili liturgijske predmete.",Danas Manastir Tumane predstavlja mesto hodočašća i kulturnog sećanja.,"[{""title"": ""SPC / opšti izvor"", ""url"": ""https://spc.rs""}]"
gornjak,Manastir Gornjak je značajna pravoslavna svetinja i duhovno mesto u oblasti Istočna Srbija.,"Istorijat Manastir Gornjak obuhvata vreme nastanka, obnove i očuvanja crkvenog života kroz različite epohe.",Arhitektura Manastir Gornjak prati tradiciju srpske sakralne gradnje i kasnije obnove.,Ktitornu tradiciju Manastir Gornjak čine zadužbinari i dobročinitelji povezani sa istorijom kraja.,"Umetnička baština Manastir Gornjak obuhvata ikone, freske ili liturgijske predmete.",Danas Manastir Gornjak predstavlja mesto hodočašća i kulturnog sećanja.,"[{""title"": ""SPC / opšti izvor"", ""url"": ""https://spc.rs""}]"
vracevsnica,Manastir Vraćevšnica je značajna pravoslavna svetinja i duhovno mesto u oblasti Šumadija.,"Istorijat Manastir Vraćevšnica obuhvata vreme nastanka, obnove i očuvanja crkvenog života kroz različite epohe.",Arhitektura Manastir Vraćevšnica prati tradiciju srpske sakralne gradnje i kasnije obnove.,Ktitornu tradiciju Manastir Vraćevšnica čine zadužbinari i dobročinitelji povezani sa istorijom kraja.,"Umetnička baština Manastir Vraćevšnica obuhvata ikone, freske ili liturgijske predmete.",Danas Manastir Vraćevšnica predstavlja mesto hodočašća i kulturnog sećanja.,"[{""title"": ""SPC / opšti izvor"", ""url"": ""https://spc.rs""}]"
blagovestenje-ovcar-kablar,Manastir Blagoveštenje (Ovčar-Kablar) je značajna pravoslavna svetinja i duhovno mesto u oblasti Zapadna Srbija.,"Istorijat Manastir Blagoveštenje (Ovčar-Kablar) obuhvata vreme nastanka, obnove i očuvanja crkvenog života kroz različite epohe.",Arhitektura Manastir Blagoveštenje (Ovčar-Kablar) prati tradiciju srpske sakralne gradnje i kasnije obnove.,Ktitornu tradiciju Manastir Blagoveštenje (Ovčar-Kablar) čine zadužbinari i dobročinitelji povezani sa istorijom kraja.,"Umetnička baština Manastir Blagoveštenje (Ovčar-Kablar) obuhvata ikone, freske ili liturgijske predmete.",Danas Manastir Blagoveštenje (Ovčar-Kablar) predstavlja mesto hodočašća i kulturnog sećanja.,"[{""title"": ""SPC / opšti izvor"", ""url"": ""https://spc.rs""}]"
nikolje-ovcar-kablar,Manastir Nikolje (Ovčar-Kablar) je značajna pravoslavna svetinja i duhovno mesto u oblasti Zapadna Srbija.,"Istorijat Manastir Nikolje (Ovčar-Kablar) obuhvata vreme nastanka, obnove i očuvanja crkvenog života kroz različite epohe.",Arhitektura Manastir Nikolje (Ovčar-Kablar) prati tradiciju srpske sakralne gradnje i kasnije obnove.,Ktitornu tradiciju Manastir Nikolje (Ovčar-Kablar) čine zadužbinari i dobročinitelji povezani sa istorijom kraja.,"Umetnička baština Manastir Nikolje (Ovčar-Kablar) obuhvata ikone, freske ili liturgijske predmete.",Danas Manastir Nikolje (Ovčar-Kablar) predstavlja mesto hodočašća i kulturnog sećanja.,"[{""title"": ""SPC / opšti izvor"", ""url"": ""https://spc.rs""}]"
jovanje-ovcar-kablar,Manastir Jovanje (Ovčar-Kablar) je značajna pravoslavna svetinja i duhovno mesto u oblasti Zapadna Srbija.,"Istorijat Manastir Jovanje (Ovčar-Kablar) obuhvata vreme nastanka, obnove i očuvanja crkvenog života kroz različite epohe.",Arhitektura Manastir Jovanje (Ovčar-Kablar) prati tradiciju srpske sakralne gradnje i kasnije obnove.,Ktitornu tradiciju Manastir Jovanje (Ovčar-Kablar) čine zadužbinari i dobročinitelji povezani sa istorijom kraja.,"Umetnička baština Manastir Jovanje (Ovčar-Kablar) obuhvata ikone, freske ili liturgijske predmete.",Danas Manastir Jovanje (Ovčar-Kablar) predstavlja mesto hodočašća i kulturnog sećanja.,"[{""title"": ""SPC / opšti izvor"", ""url"": ""https://spc.rs""}]"
preobrazenje-ovcar-kablar,Manastir Preobraženje (Ovčar-Kablar) je značajna pravoslavna svetinja i duhovno mesto u oblasti Zapadna Srbija.,"Istorijat Manastir Preobraženje (Ovčar-Kablar) obuhvata vreme nastanka, obnove i očuvanja crkvenog života kroz različite epohe.",Arhitektura Manastir Preobraženje (Ovčar-Kablar) prati tradiciju srpske sakralne gradnje i kasnije obnove.,Ktitornu tradiciju Manastir Preobraženje (Ovčar-Kablar) čine zadužbinari i dobročinitelji povezani sa istorijom kraja.,"Umetnička baština Manastir Preobraženje (Ovčar-Kablar) obuhvata ikone, freske ili liturgijske predmete.",Danas Manastir Preobraženje (Ovčar-Kablar) predstavlja mesto hodočašća i kulturnog sećanja.,"[{""title"": ""SPC / opšti izvor"", ""url"": ""https://spc.rs""}]"
sretenje-ovcar-kablar,Manastir Sretenje (Ovčar-Kablar) je značajna pravoslavna svetinja i duhovno mesto u oblasti Zapadna Srbija.,"Istorijat Manastir Sretenje (Ovčar-Kablar) obuhvata vreme nastanka, obnove i očuvanja crkvenog života kroz različite epohe.",Arhitektura Manastir Sretenje (Ovčar-Kablar) prati tradiciju srpske sakralne gradnje i kasnije obnove.,Ktitornu tradiciju Manastir Sretenje (Ovčar-Kablar) čine zadužbinari i dobročinitelji povezani sa istorijom kraja.,"Umetnička baština Manastir Sretenje (Ovčar-Kablar) obuhvata ikone, freske ili liturgijske predmete.",Danas Manastir Sretenje (Ovčar-Kablar) predstavlja mesto hodočašća i kulturnog sećanja.,"[{""title"": ""SPC / opšti izvor"", ""url"": ""https://spc.rs""}]"
vaznesenje-ovcar-kablar,Manastir Vaznesenje (Ovčar-Kablar) je značajna pravoslavna svetinja i duhovno mesto u oblasti Zapadna Srbija.,"Istorijat Manastir Vaznesenje (Ovčar-Kablar) obuhvata vreme nastanka, obnove i očuvanja crkvenog života kroz različite epohe.",Arhitektura Manastir Vaznesenje (Ovčar-Kablar) prati tradiciju srpske sakralne gradnje i kasnije obnove.,Ktitornu tradiciju Manastir Vaznesenje (Ovčar-Kablar) čine zadužbinari i dobročinitelji povezani sa istorijom kraja.,"Umetnička baština Manastir Vaznesenje (Ovčar-Kablar) obuhvata ikone, freske ili liturgijske predmete.",Danas Manastir Vaznesenje (Ovčar-Kablar) predstavlja mesto hodočašća i kulturnog sećanja.,"[{""title"": ""SPC / opšti izvor"", ""url"": ""https://spc.rs""}]"
uspenje-ovcar-kablar,Manastir Uspenje (Ovčar-Kablar) je značajna pravoslavna svetinja i duhovno mesto u oblasti Zapadna Srbija.,"Istorijat Manastir Uspenje (Ovčar-Kablar) obuhvata vreme nastanka, obnove i očuvanja crkvenog života kroz različite epohe.",Arhitektura Manastir Uspenje (Ovčar-Kablar) prati tradiciju srpske sakralne gradnje i kasnije obnove.,Ktitornu tradiciju Manastir Uspenje (Ovčar-Kablar) čine zadužbinari i dobročinitelji povezani sa istorijom kraja.,"Umetnička baština Manastir Uspenje (Ovčar-Kablar) obuhvata ikone, freske ili liturgijske predmete.",Danas Manastir Uspenje (Ovčar-Kablar) predstavlja mesto hodočašća i kulturnog sećanja.,"[{""title"": ""SPC / opšti izvor"", ""url"": ""https://spc.rs""}]"
kovilj,Manastir Kovilj je značajna pravoslavna svetinja i duhovno mesto u oblasti Vojvodina.,"Istorijat Manastir Kovilj obuhvata vreme nastanka, obnove i očuvanja crkvenog života kroz različite epohe.",Arhitektura Manastir Kovilj prati tradiciju srpske sakralne gradnje i kasnije obnove.,Ktitornu tradiciju Manastir Kovilj čine zadužbinari i dobročinitelji povezani sa istorijom kraja.,"Umetnička baština Manastir Kovilj obuhvata ikone, freske ili liturgijske predmete.",Danas Manastir Kovilj predstavlja mesto hodočašća i kulturnog sećanja.,"[{""title"": ""SPC / opšti izvor"", ""url"": ""https://spc.rs""}]"
bodjani,Manastir Bođani je značajna pravoslavna svetinja i duhovno mesto u oblasti Vojvodina.,"Istorijat Manastir Bođani obuhvata vreme nastanka, obnove i očuvanja crkvenog života kroz različite epohe.",Arhitektura Manastir Bođani prati tradiciju srpske sakralne gradnje i kasnije obnove.,Ktitornu tradiciju Manastir Bođani čine zadužbinari i dobročinitelji povezani sa istorijom kraja.,"Umetnička baština Manastir Bođani obuhvata ikone, freske ili liturgijske predmete.",Danas Manastir Bođani predstavlja mesto hodočašća i kulturnog sećanja.,"[{""title"": ""SPC / opšti izvor"", ""url"": ""https://spc.rs""}]"
krusedol,Manastir Krušedol je značajna pravoslavna svetinja i duhovno mesto u oblasti Fruška gora.,"Istorijat Manastir Krušedol obuhvata vreme nastanka, obnove i očuvanja crkvenog života kroz različite epohe.",Arhitektura Manastir Krušedol prati tradiciju srpske sakralne gradnje i kasnije obnove.,Ktitornu tradiciju Manastir Krušedol čine zadužbinari i dobročinitelji povezani sa istorijom kraja.,"Umetnička baština Manastir Krušedol obuhvata ikone, freske ili liturgijske predmete.",Danas Manastir Krušedol predstavlja mesto hodočašća i kulturnog sećanja.,"[{""title"": ""SPC / opšti izvor"", ""url"": ""https://spc.rs""}]"
grgeteg,Manastir Grgeteg je značajna pravoslavna svetinja i duhovno mesto u oblasti Fruška gora.,"Istorijat Manastir Grgeteg obuhvata vreme nastanka, obnove i očuvanja crkvenog života kroz različite epohe.",Arhitektura Manastir Grgeteg prati tradiciju srpske sakralne gradnje i kasnije obnove.,Ktitornu tradiciju Manastir Grgeteg čine zadužbinari i dobročinitelji povezani sa istorijom kraja.,"Umetnička baština Manastir Grgeteg obuhvata ikone, freske ili liturgijske predmete.",Danas Manastir Grgeteg predstavlja mesto hodočašća i kulturnog sećanja.,"[{""title"": ""SPC / opšti izvor"", ""url"": ""https://spc.rs""}]"
novo-hopovo,Manastir Novo Hopovo je značajna pravoslavna svetinja i duhovno mesto u oblasti Fruška gora.,"Istorijat Manastir Novo Hopovo obuhvata vreme nastanka, obnove i očuvanja crkvenog života kroz različite epohe.",Arhitektura Manastir Novo Hopovo prati tradiciju srpske sakralne gradnje i kasnije obnove.,Ktitornu tradiciju Manastir Novo Hopovo čine zadužbinari i dobročinitelji povezani sa istorijom kraja.,"Umetnička baština Manastir Novo Hopovo obuhvata ikone, freske ili liturgijske predmete.",Danas Manastir Novo Hopovo predstavlja mesto hodočašća i kulturnog sećanja.,"[{""title"": ""SPC / opšti izvor"", ""url"": ""https://spc.rs""}]"
staro-hopovo,Manastir Staro Hopovo je značajna pravoslavna svetinja i duhovno mesto u oblasti Fruška gora.,"Istorijat Manastir Staro Hopovo obuhvata vreme nastanka, obnove i očuvanja crkvenog života kroz različite epohe.",Arhitektura Manastir Staro Hopovo prati tradiciju srpske sakralne gradnje i kasnije obnove.,Ktitornu tradiciju Manastir Staro Hopovo čine zadužbinari i dobročinitelji povezani sa istorijom kraja.,"Umetnička baština Manastir Staro Hopovo obuhvata ikone, freske ili liturgijske predmete.",Danas Manastir Staro Hopovo predstavlja mesto hodočašća i kulturnog sećanja.,"[{""title"": ""SPC / opšti izvor"", ""url"": ""https://spc.rs""}]"
jazak,Manastir Jazak je značajna pravoslavna svetinja i duhovno mesto u oblasti Fruška gora.,"Istorijat Manastir Jazak obuhvata vreme nastanka, obnove i očuvanja crkvenog života kroz različite epohe.",Arhitektura Manastir Jazak prati tradiciju srpske sakralne gradnje i kasnije obnove.,Ktitornu tradiciju Manastir Jazak čine zadužbinari i dobročinitelji povezani sa istorijom kraja.,"Umetnička baština Manastir Jazak obuhvata ikone, freske ili liturgijske predmete.",Danas Manastir Jazak predstavlja mesto hodočašća i kulturnog sećanja.,"[{""title"": ""SPC / opšti izvor"", ""url"": ""https://spc.rs""}]"
vrdnik-ravanica,Manastir Vrdnik-Ravanica je značajna pravoslavna svetinja i duhovno mesto u oblasti Fruška gora.,"Istorijat Manastir Vrdnik-Ravanica obuhvata vreme nastanka, obnove i očuvanja crkvenog života kroz različite epohe.",Arhitektura Manastir Vrdnik-Ravanica prati tradiciju srpske sakralne gradnje i kasnije obnove.,Ktitornu tradiciju Manastir Vrdnik-Ravanica čine zadužbinari i dobročinitelji povezani sa istorijom kraja.,"Umetnička baština Manastir Vrdnik-Ravanica obuhvata ikone, freske ili liturgijske predmete.",Danas Manastir Vrdnik-Ravanica predstavlja mesto hodočašća i kulturnog sećanja.,"[{""title"": ""SPC / opšti izvor"", ""url"": ""https://spc.rs""}]"
velika-remeta,Manastir Velika Remeta je značajna pravoslavna svetinja i duhovno mesto u oblasti Fruška gora.,"Istorijat Manastir Velika Remeta obuhvata vreme nastanka, obnove i očuvanja crkvenog života kroz različite epohe.",Arhitektura Manastir Velika Remeta prati tradiciju srpske sakralne gradnje i kasnije obnove.,Ktitornu tradiciju Manastir Velika Remeta čine zadužbinari i dobročinitelji povezani sa istorijom kraja.,"Umetnička baština Manastir Velika Remeta obuhvata ikone, freske ili liturgijske predmete.",Danas Manastir Velika Remeta predstavlja mesto hodočašća i kulturnog sećanja.,"[{""title"": ""SPC / opšti izvor"", ""url"": ""https://spc.rs""}]"
mala-remeta,Manastir Mala Remeta je značajna pravoslavna svetinja i duhovno mesto u oblasti Fruška gora.,"Istorijat Manastir Mala Remeta obuhvata vreme nastanka, obnove i očuvanja crkvenog života kroz različite epohe.",Arhitektura Manastir Mala Remeta prati tradiciju srpske sakralne gradnje i kasnije obnove.,Ktitornu tradiciju Manastir Mala Remeta čine zadužbinari i dobročinitelji povezani sa istorijom kraja.,"Umetnička baština Manastir Mala Remeta obuhvata ikone, freske ili liturgijske predmete.",Danas Manastir Mala Remeta predstavlja mesto hodočašća i kulturnog sećanja.,"[{""title"": ""SPC / opšti izvor"", ""url"": ""https://spc.rs""}]"
besenovo,Manastir Bešenovo je značajna pravoslavna svetinja i duhovno mesto u oblasti Fruška gora.,"Istorijat Manastir Bešenovo obuhvata vreme nastanka, obnove i očuvanja crkvenog života kroz različite epohe.",Arhitektura Manastir Bešenovo prati tradiciju srpske sakralne gradnje i kasnije obnove.,Ktitornu tradiciju Manastir Bešenovo čine zadužbinari i dobročinitelji povezani sa istorijom kraja.,"Umetnička baština Manastir Bešenovo obuhvata ikone, freske ili liturgijske predmete.",Danas Manastir Bešenovo predstavlja mesto hodočašća i kulturnog sećanja.,"[{""title"": ""SPC / opšti izvor"", ""url"": ""https://spc.rs""}]"
petkovica-fruska-gora,Manastir Petkovica (Fruška gora) je značajna pravoslavna svetinja i duhovno mesto u oblasti Fruška gora.,"Istorijat Manastir Petkovica (Fruška gora) obuhvata vreme nastanka, obnove i očuvanja crkvenog života kroz različite epohe.",Arhitektura Manastir Petkovica (Fruška gora) prati tradiciju srpske sakralne gradnje i kasnije obnove.,Ktitornu tradiciju Manastir Petkovica (Fruška gora) čine zadužbinari i dobročinitelji povezani sa istorijom kraja.,"Umetnička baština Manastir Petkovica (Fruška gora) obuhvata ikone, freske ili liturgijske predmete.",Danas Manastir Petkovica (Fruška gora) predstavlja mesto hodočašća i kulturnog sećanja.,"[{""title"": ""SPC / opšti izvor"", ""url"": ""https://spc.rs""}]"
kuvezdin,Manastir Kuveždin je značajna pravoslavna svetinja i duhovno mesto u oblasti Fruška gora.,"Istorijat Manastir Kuveždin obuhvata vreme nastanka, obnove i očuvanja crkvenog života kroz različite epohe.",Arhitektura Manastir Kuveždin prati tradiciju srpske sakralne gradnje i kasnije obnove.,Ktitornu tradiciju Manastir Kuveždin čine zadužbinari i dobročinitelji povezani sa istorijom kraja.,"Umetnička baština Manastir Kuveždin obuhvata ikone, freske ili liturgijske predmete.",Danas Manastir Kuveždin predstavlja mesto hodočašća i kulturnog sećanja.,"[{""title"": ""SPC / opšti izvor"", ""url"": ""https://spc.rs""}]"
divsa,Manastir Divša je značajna pravoslavna svetinja i duhovno mesto u oblasti Srem.,"Istorijat Manastir Divša obuhvata vreme nastanka, obnove i očuvanja crkvenog života kroz različite epohe.",Arhitektura Manastir Divša prati tradiciju srpske sakralne gradnje i kasnije obnove.,Ktitornu tradiciju Manastir Divša čine zadužbinari i dobročinitelji povezani sa istorijom kraja.,"Umetnička baština Manastir Divša obuhvata ikone, freske ili liturgijske predmete.",Danas Manastir Divša predstavlja mesto hodočašća i kulturnog sećanja.,"[{""title"": ""SPC / opšti izvor"", ""url"": ""https://spc.rs""}]"
privina-glava,Manastir Privina Glava je značajna pravoslavna svetinja i duhovno mesto u oblasti Srem.,"Istorijat Manastir Privina Glava obuhvata vreme nastanka, obnove i očuvanja crkvenog života kroz različite epohe.",Arhitektura Manastir Privina Glava prati tradiciju srpske sakralne gradnje i kasnije obnove.,Ktitornu tradiciju Manastir Privina Glava čine zadužbinari i dobročinitelji povezani sa istorijom kraja.,"Umetnička baština Manastir Privina Glava obuhvata ikone, freske ili liturgijske predmete.",Danas Manastir Privina Glava predstavlja mesto hodočašća i kulturnog sećanja.,"[{""title"": ""SPC / opšti izvor"", ""url"": ""https://spc.rs""}]"
fenek,Manastir Fenek je značajna pravoslavna svetinja i duhovno mesto u oblasti Srem.,"Istorijat Manastir Fenek obuhvata vreme nastanka, obnove i očuvanja crkvenog života kroz različite epohe.",Arhitektura Manastir Fenek prati tradiciju srpske sakralne gradnje i kasnije obnove.,Ktitornu tradiciju Manastir Fenek čine zadužbinari i dobročinitelji povezani sa istorijom kraja.,"Umetnička baština Manastir Fenek obuhvata ikone, freske ili liturgijske predmete.",Danas Manastir Fenek predstavlja mesto hodočašća i kulturnog sećanja.,"[{""title"": ""SPC / opšti izvor"", ""url"": ""https://spc.rs""}]"
rakovica,Manastir Rakovica je značajna pravoslavna svetinja i duhovno mesto u oblasti Beograd.,"Istorijat Manastir Rakovica obuhvata vreme nastanka, obnove i očuvanja crkvenog života kroz različite epohe.",Arhitektura Manastir Rakovica prati tradiciju srpske sakralne gradnje i kasnije obnove.,Ktitornu tradiciju Manastir Rakovica čine zadužbinari i dobročinitelji povezani sa istorijom kraja.,"Umetnička baština Manastir Rakovica obuhvata ikone, freske ili liturgijske predmete.",Danas Manastir Rakovica predstavlja mesto hodočašća i kulturnog sećanja.,"[{""title"": ""SPC / opšti izvor"", ""url"": ""https://spc.rs""}]"
slanci,Manastir Slanci je značajna pravoslavna svetinja i duhovno mesto u oblasti Beograd.,"Istorijat Manastir Slanci obuhvata vreme nastanka, obnove i očuvanja crkvenog života kroz različite epohe.",Arhitektura Manastir Slanci prati tradiciju srpske sakralne gradnje i kasnije obnove.,Ktitornu tradiciju Manastir Slanci čine zadužbinari i dobročinitelji povezani sa istorijom kraja.,"Umetnička baština Manastir Slanci obuhvata ikone, freske ili liturgijske predmete.",Danas Manastir Slanci predstavlja mesto hodočašća i kulturnog sećanja.,"[{""title"": ""SPC / opšti izvor"", ""url"": ""https://spc.rs""}]"
rajinovac,Manastir Rajinovac je značajna pravoslavna svetinja i duhovno mesto u oblasti Beograd.,"Istorijat Manastir Rajinovac obuhvata vreme nastanka, obnove i očuvanja crkvenog života kroz različite epohe.",Arhitektura Manastir Rajinovac prati tradiciju srpske sakralne gradnje i kasnije obnove.,Ktitornu tradiciju Manastir Rajinovac čine zadužbinari i dobročinitelji povezani sa istorijom kraja.,"Umetnička baština Manastir Rajinovac obuhvata ikone, freske ili liturgijske predmete.",Danas Manastir Rajinovac predstavlja mesto hodočašća i kulturnog sećanja.,"[{""title"": ""SPC / opšti izvor"", ""url"": ""https://spc.rs""}]"
tresije,Manastir Tresije je značajna pravoslavna svetinja i duhovno mesto u oblasti Kosmaj.,"Istorijat Manastir Tresije obuhvata vreme nastanka, obnove i očuvanja crkvenog života kroz različite epohe.",Arhitektura Manastir Tresije prati tradiciju srpske sakralne gradnje i kasnije obnove.,Ktitornu tradiciju Manastir Tresije čine zadužbinari i dobročinitelji povezani sa istorijom kraja.,"Umetnička baština Manastir Tresije obuhvata ikone, freske ili liturgijske predmete.",Danas Manastir Tresije predstavlja mesto hodočašća i kulturnog sećanja.,"[{""title"": ""SPC / opšti izvor"", ""url"": ""https://spc.rs""}]"
pavlovac,Manastir Pavlovac je značajna pravoslavna svetinja i duhovno mesto u oblasti Kosmaj.,"Istorijat Manastir Pavlovac obuhvata vreme nastanka, obnove i očuvanja crkvenog života kroz različite epohe.",Arhitektura Manastir Pavlovac prati tradiciju srpske sakralne gradnje i kasnije obnove.,Ktitornu tradiciju Manastir Pavlovac čine zadužbinari i dobročinitelji povezani sa istorijom kraja.,"Umetnička baština Manastir Pavlovac obuhvata ikone, freske ili liturgijske predmete.",Danas Manastir Pavlovac predstavlja mesto hodočašća i kulturnog sećanja.,"[{""title"": ""SPC / opšti izvor"", ""url"": ""https://spc.rs""}]"
kasteljan,Manastir Kasteljan je značajna pravoslavna svetinja i duhovno mesto u oblasti Kosmaj.,"Istorijat Manastir Kasteljan obuhvata vreme nastanka, obnove i očuvanja crkvenog života kroz različite epohe.",Arhitektura Manastir Kasteljan prati tradiciju srpske sakralne gradnje i kasnije obnove.,Ktitornu tradiciju Manastir Kasteljan čine zadužbinari i dobročinitelji povezani sa istorijom kraja.,"Umetnička baština Manastir Kasteljan obuhvata ikone, freske ili liturgijske predmete.",Danas Manastir Kasteljan predstavlja mesto hodočašća i kulturnog sećanja.,"[{""title"": ""SPC / opšti izvor"", ""url"": ""https://spc.rs""}]"
cokesina,Manastir Čokešina je značajna pravoslavna svetinja i duhovno mesto u oblasti Mačva.,"Istorijat Manastir Čokešina obuhvata vreme nastanka, obnove i očuvanja crkvenog života kroz različite epohe.",Arhitektura Manastir Čokešina prati tradiciju srpske sakralne gradnje i kasnije obnove.,Ktitornu tradiciju Manastir Čokešina čine zadužbinari i dobročinitelji povezani sa istorijom kraja.,"Umetnička baština Manastir Čokešina obuhvata ikone, freske ili liturgijske predmete.",Danas Manastir Čokešina predstavlja mesto hodočašća i kulturnog sećanja.,"[{""title"": ""SPC / opšti izvor"", ""url"": ""https://spc.rs""}]"
tronosa,Manastir Tronoša je značajna pravoslavna svetinja i duhovno mesto u oblasti Podrinje.,"Istorijat Manastir Tronoša obuhvata vreme nastanka, obnove i očuvanja crkvenog života kroz različite epohe.",Arhitektura Manastir Tronoša prati tradiciju srpske sakralne gradnje i kasnije obnove.,Ktitornu tradiciju Manastir Tronoša čine zadužbinari i dobročinitelji povezani sa istorijom kraja.,"Umetnička baština Manastir Tronoša obuhvata ikone, freske ili liturgijske predmete.",Danas Manastir Tronoša predstavlja mesto hodočašća i kulturnog sećanja.,"[{""title"": ""SPC / opšti izvor"", ""url"": ""https://spc.rs""}]"
kaona,Manastir Kaona je značajna pravoslavna svetinja i duhovno mesto u oblasti Mačva.,"Istorijat Manastir Kaona obuhvata vreme nastanka, obnove i očuvanja crkvenog života kroz različite epohe.",Arhitektura Manastir Kaona prati tradiciju srpske sakralne gradnje i kasnije obnove.,Ktitornu tradiciju Manastir Kaona čine zadužbinari i dobročinitelji povezani sa istorijom kraja.,"Umetnička baština Manastir Kaona obuhvata ikone, freske ili liturgijske predmete.",Danas Manastir Kaona predstavlja mesto hodočašća i kulturnog sećanja.,"[{""title"": ""SPC / opšti izvor"", ""url"": ""https://spc.rs""}]"
petkovica-macva,Manastir Petkovica (Mačva) je značajna pravoslavna svetinja i duhovno mesto u oblasti Mačva.,"Istorijat Manastir Petkovica (Mačva) obuhvata vreme nastanka, obnove i očuvanja crkvenog života kroz različite epohe.",Arhitektura Manastir Petkovica (Mačva) prati tradiciju srpske sakralne gradnje i kasnije obnove.,Ktitornu tradiciju Manastir Petkovica (Mačva) čine zadužbinari i dobročinitelji povezani sa istorijom kraja.,"Umetnička baština Manastir Petkovica (Mačva) obuhvata ikone, freske ili liturgijske predmete.",Danas Manastir Petkovica (Mačva) predstavlja mesto hodočašća i kulturnog sećanja.,"[{""title"": ""SPC / opšti izvor"", ""url"": ""https://spc.rs""}]"
bogovadja,Manastir Bogovađa je značajna pravoslavna svetinja i duhovno mesto u oblasti Kolubara.,"Istorijat Manastir Bogovađa obuhvata vreme nastanka, obnove i očuvanja crkvenog života kroz različite epohe.",Arhitektura Manastir Bogovađa prati tradiciju srpske sakralne gradnje i kasnije obnove.,Ktitornu tradiciju Manastir Bogovađa čine zadužbinari i dobročinitelji povezani sa istorijom kraja.,"Umetnička baština Manastir Bogovađa obuhvata ikone, freske ili liturgijske predmete.",Danas Manastir Bogovađa predstavlja mesto hodočašća i kulturnog sećanja.,"[{""title"": ""SPC / opšti izvor"", ""url"": ""https://spc.rs""}]"
pustinja,Manastir Pustinja je značajna pravoslavna svetinja i duhovno mesto u oblasti Valjevo.,"Istorijat Manastir Pustinja obuhvata vreme nastanka, obnove i očuvanja crkvenog života kroz različite epohe.",Arhitektura Manastir Pustinja prati tradiciju srpske sakralne gradnje i kasnije obnove.,Ktitornu tradiciju Manastir Pustinja čine zadužbinari i dobročinitelji povezani sa istorijom kraja.,"Umetnička baština Manastir Pustinja obuhvata ikone, freske ili liturgijske predmete.",Danas Manastir Pustinja predstavlja mesto hodočašća i kulturnog sećanja.,"[{""title"": ""SPC / opšti izvor"", ""url"": ""https://spc.rs""}]"
celije-valjevo,Manastir Ćelije (Valjevo) je značajna pravoslavna svetinja i duhovno mesto u oblasti Valjevo.,"Istorijat Manastir Ćelije (Valjevo) obuhvata vreme nastanka, obnove i očuvanja crkvenog života kroz različite epohe.",Arhitektura Manastir Ćelije (Valjevo) prati tradiciju srpske sakralne gradnje i kasnije obnove.,Ktitornu tradiciju Manastir Ćelije (Valjevo) čine zadužbinari i dobročinitelji povezani sa istorijom kraja.,"Umetnička baština Manastir Ćelije (Valjevo) obuhvata ikone, freske ili liturgijske predmete.",Danas Manastir Ćelije (Valjevo) predstavlja mesto hodočašća i kulturnog sećanja.,"[{""title"": ""SPC / opšti izvor"", ""url"": ""https://spc.rs""}]"
lelic,Manastir Lelić je značajna pravoslavna svetinja i duhovno mesto u oblasti Valjevo.,"Istorijat Manastir Lelić obuhvata vreme nastanka, obnove i očuvanja crkvenog života kroz različite epohe.",Arhitektura Manastir Lelić prati tradiciju srpske sakralne gradnje i kasnije obnove.,Ktitornu tradiciju Manastir Lelić čine zadužbinari i dobročinitelji povezani sa istorijom kraja.,"Umetnička baština Manastir Lelić obuhvata ikone, freske ili liturgijske predmete.",Danas Manastir Lelić predstavlja mesto hodočašća i kulturnog sećanja.,"[{""title"": ""SPC / opšti izvor"", ""url"": ""https://spc.rs""}]"
gradac,Manastir Gradac je značajna pravoslavna svetinja i duhovno mesto u oblasti Raška.,"Istorijat Manastir Gradac obuhvata vreme nastanka, obnove i očuvanja crkvenog života kroz različite epohe.",Arhitektura Manastir Gradac prati tradiciju srpske sakralne gradnje i kasnije obnove.,Ktitornu tradiciju Manastir Gradac čine zadužbinari i dobročinitelji povezani sa istorijom kraja.,"Umetnička baština Manastir Gradac obuhvata ikone, freske ili liturgijske predmete.",Danas Manastir Gradac predstavlja mesto hodočašća i kulturnog sećanja.,"[{""title"": ""SPC / opšti izvor"", ""url"": ""https://spc.rs""}]"
stara-pavlica,Manastir Stara Pavlica je značajna pravoslavna svetinja i duhovno mesto u oblasti Raška.,"Istorijat Manastir Stara Pavlica obuhvata vreme nastanka, obnove i očuvanja crkvenog života kroz različite epohe.",Arhitektura Manastir Stara Pavlica prati tradiciju srpske sakralne gradnje i kasnije obnove.,Ktitornu tradiciju Manastir Stara Pavlica čine zadužbinari i dobročinitelji povezani sa istorijom kraja.,"Umetnička baština Manastir Stara Pavlica obuhvata ikone, freske ili liturgijske predmete.",Danas Manastir Stara Pavlica predstavlja mesto hodočašća i kulturnog sećanja.,"[{""title"": ""SPC / opšti izvor"", ""url"": ""https://spc.rs""}]"
nova-pavlica,Manastir Nova Pavlica je značajna pravoslavna svetinja i duhovno mesto u oblasti Raška.,"Istorijat Manastir Nova Pavlica obuhvata vreme nastanka, obnove i očuvanja crkvenog života kroz različite epohe.",Arhitektura Manastir Nova Pavlica prati tradiciju srpske sakralne gradnje i kasnije obnove.,Ktitornu tradiciju Manastir Nova Pavlica čine zadužbinari i dobročinitelji povezani sa istorijom kraja.,"Umetnička baština Manastir Nova Pavlica obuhvata ikone, freske ili liturgijske predmete.",Danas Manastir Nova Pavlica predstavlja mesto hodočašća i kulturnog sećanja.,"[{""title"": ""SPC / opšti izvor"", ""url"": ""https://spc.rs""}]"
davidovica,Manastir Davidovica je značajna pravoslavna svetinja i duhovno mesto u oblasti Jugozapadna Srbija.,"Istorijat Manastir Davidovica obuhvata vreme nastanka, obnove i očuvanja crkvenog života kroz različite epohe.",Arhitektura Manastir Davidovica prati tradiciju srpske sakralne gradnje i kasnije obnove.,Ktitornu tradiciju Manastir Davidovica čine zadužbinari i dobročinitelji povezani sa istorijom kraja.,"Umetnička baština Manastir Davidovica obuhvata ikone, freske ili liturgijske predmete.",Danas Manastir Davidovica predstavlja mesto hodočašća i kulturnog sećanja.,"[{""title"": ""SPC / opšti izvor"", ""url"": ""https://spc.rs""}]"
banja-priboj,Manastir Banja (Priboj) je značajna pravoslavna svetinja i duhovno mesto u oblasti Jugozapadna Srbija.,"Istorijat Manastir Banja (Priboj) obuhvata vreme nastanka, obnove i očuvanja crkvenog života kroz različite epohe.",Arhitektura Manastir Banja (Priboj) prati tradiciju srpske sakralne gradnje i kasnije obnove.,Ktitornu tradiciju Manastir Banja (Priboj) čine zadužbinari i dobročinitelji povezani sa istorijom kraja.,"Umetnička baština Manastir Banja (Priboj) obuhvata ikone, freske ili liturgijske predmete.",Danas Manastir Banja (Priboj) predstavlja mesto hodočašća i kulturnog sećanja.,"[{""title"": ""SPC / opšti izvor"", ""url"": ""https://spc.rs""}]"
dubnica,Manastir Dubnica je značajna pravoslavna svetinja i duhovno mesto u oblasti Jugozapadna Srbija.,"Istorijat Manastir Dubnica obuhvata vreme nastanka, obnove i očuvanja crkvenog života kroz različite epohe.",Arhitektura Manastir Dubnica prati tradiciju srpske sakralne gradnje i kasnije obnove.,Ktitornu tradiciju Manastir Dubnica čine zadužbinari i dobročinitelji povezani sa istorijom kraja.,"Umetnička baština Manastir Dubnica obuhvata ikone, freske ili liturgijske predmete.",Danas Manastir Dubnica predstavlja mesto hodočašća i kulturnog sećanja.,"[{""title"": ""SPC / opšti izvor"", ""url"": ""https://spc.rs""}]"
uvac,Manastir Uvac je značajna pravoslavna svetinja i duhovno mesto u oblasti Jugozapadna Srbija.,"Istorijat Manastir Uvac obuhvata vreme nastanka, obnove i očuvanja crkvenog života kroz različite epohe.",Arhitektura Manastir Uvac prati tradiciju srpske sakralne gradnje i kasnije obnove.,Ktitornu tradiciju Manastir Uvac čine zadužbinari i dobročinitelji povezani sa istorijom kraja.,"Umetnička baština Manastir Uvac obuhvata ikone, freske ili liturgijske predmete.",Danas Manastir Uvac predstavlja mesto hodočašća i kulturnog sećanja.,"[{""title"": ""SPC / opšti izvor"", ""url"": ""https://spc.rs""}]"
raca,Manastir Rača je značajna pravoslavna svetinja i duhovno mesto u oblasti Zapadna Srbija.,"Istorijat Manastir Rača obuhvata vreme nastanka, obnove i očuvanja crkvenog života kroz različite epohe.",Arhitektura Manastir Rača prati tradiciju srpske sakralne gradnje i kasnije obnove.,Ktitornu tradiciju Manastir Rača čine zadužbinari i dobročinitelji povezani sa istorijom kraja.,"Umetnička baština Manastir Rača obuhvata ikone, freske ili liturgijske predmete.",Danas Manastir Rača predstavlja mesto hodočašća i kulturnog sećanja.,"[{""title"": ""SPC / opšti izvor"", ""url"": ""https://spc.rs""}]"
rujan,Manastir Rujan je značajna pravoslavna svetinja i duhovno mesto u oblasti Zapadna Srbija.,"Istorijat Manastir Rujan obuhvata vreme nastanka, obnove i očuvanja crkvenog života kroz različite epohe.",Arhitektura Manastir Rujan prati tradiciju srpske sakralne gradnje i kasnije obnove.,Ktitornu tradiciju Manastir Rujan čine zadužbinari i dobročinitelji povezani sa istorijom kraja.,"Umetnička baština Manastir Rujan obuhvata ikone, freske ili liturgijske predmete.",Danas Manastir Rujan predstavlja mesto hodočašća i kulturnog sećanja.,"[{""title"": ""SPC / opšti izvor"", ""url"": ""https://spc.rs""}]"
dobrun,Manastir Dobrun je značajna pravoslavna svetinja i duhovno mesto u oblasti Zapadna Srbija.,"Istorijat Manastir Dobrun obuhvata vreme nastanka, obnove i očuvanja crkvenog života kroz različite epohe.",Arhitektura Manastir Dobrun prati tradiciju srpske sakralne gradnje i kasnije obnove.,Ktitornu tradiciju Manastir Dobrun čine zadužbinari i dobročinitelji povezani sa istorijom kraja.,"Umetnička baština Manastir Dobrun obuhvata ikone, freske ili liturgijske predmete.",Danas Manastir Dobrun predstavlja mesto hodočašća i kulturnog sećanja.,"[{""title"": ""SPC / opšti izvor"", ""url"": ""https://spc.rs""}]"
vujan,Manastir Vujan je značajna pravoslavna svetinja i duhovno mesto u oblasti Šumadija.,"Istorijat Manastir Vujan obuhvata vreme nastanka, obnove i očuvanja crkvenog života kroz različite epohe.",Arhitektura Manastir Vujan prati tradiciju srpske sakralne gradnje i kasnije obnove.,Ktitornu tradiciju Manastir Vujan čine zadužbinari i dobročinitelji povezani sa istorijom kraja.,"Umetnička baština Manastir Vujan obuhvata ikone, freske ili liturgijske predmete.",Danas Manastir Vujan predstavlja mesto hodočašća i kulturnog sećanja.,"[{""title"": ""SPC / opšti izvor"", ""url"": ""https://spc.rs""}]"
voljavca,Manastir Voljavča je značajna pravoslavna svetinja i duhovno mesto u oblasti Šumadija.,"Istorijat Manastir Voljavča obuhvata vreme nastanka, obnove i očuvanja crkvenog života kroz različite epohe.",Arhitektura Manastir Voljavča prati tradiciju srpske sakralne gradnje i kasnije obnove.,Ktitornu tradiciju Manastir Voljavča čine zadužbinari i dobročinitelji povezani sa istorijom kraja.,"Umetnička baština Manastir Voljavča obuhvata ikone, freske ili liturgijske predmete.",Danas Manastir Voljavča predstavlja mesto hodočašća i kulturnog sećanja.,"[{""title"": ""SPC / opšti izvor"", ""url"": ""https://spc.rs""}]"
gracanica-kod-guce,Manastir Gračanica (kod Guče) je značajna pravoslavna svetinja i duhovno mesto u oblasti Zapadna Srbija.,"Istorijat Manastir Gračanica (kod Guče) obuhvata vreme nastanka, obnove i očuvanja crkvenog života kroz različite epohe.",Arhitektura Manastir Gračanica (kod Guče) prati tradiciju srpske sakralne gradnje i kasnije obnove.,Ktitornu tradiciju Manastir Gračanica (kod Guče) čine zadužbinari i dobročinitelji povezani sa istorijom kraja.,"Umetnička baština Manastir Gračanica (kod Guče) obuhvata ikone, freske ili liturgijske predmete.",Danas Manastir Gračanica (kod Guče) predstavlja mesto hodočašća i kulturnog sećanja.,"[{""title"": ""SPC / opšti izvor"", ""url"": ""https://spc.rs""}]"
nikolj-rudnik,Manastir Nikoljе (Rudnik) je značajna pravoslavna svetinja i duhovno mesto u oblasti Šumadija.,"Istorijat Manastir Nikoljе (Rudnik) obuhvata vreme nastanka, obnove i očuvanja crkvenog života kroz različite epohe.",Arhitektura Manastir Nikoljе (Rudnik) prati tradiciju srpske sakralne gradnje i kasnije obnove.,Ktitornu tradiciju Manastir Nikoljе (Rudnik) čine zadužbinari i dobročinitelji povezani sa istorijom kraja.,"Umetnička baština Manastir Nikoljе (Rudnik) obuhvata ikone, freske ili liturgijske predmete.",Danas Manastir Nikoljе (Rudnik) predstavlja mesto hodočašća i kulturnog sećanja.,"[{""title"": ""SPC / opšti izvor"", ""url"": ""https://spc.rs""}]"
rukumija,Manastir Rukumija je značajna pravoslavna svetinja i duhovno mesto u oblasti Istočna Srbija.,"Istorijat Manastir Rukumija obuhvata vreme nastanka, obnove i očuvanja crkvenog života kroz različite epohe.",Arhitektura Manastir Rukumija prati tradiciju srpske sakralne gradnje i kasnije obnove.,Ktitornu tradiciju Manastir Rukumija čine zadužbinari i dobročinitelji povezani sa istorijom kraja.,"Umetnička baština Manastir Rukumija obuhvata ikone, freske ili liturgijske predmete.",Danas Manastir Rukumija predstavlja mesto hodočašća i kulturnog sećanja.,"[{""title"": ""SPC / opšti izvor"", ""url"": ""https://spc.rs""}]"
nimnik,Manastir Nimnik je značajna pravoslavna svetinja i duhovno mesto u oblasti Istočna Srbija.,"Istorijat Manastir Nimnik obuhvata vreme nastanka, obnove i očuvanja crkvenog života kroz različite epohe.",Arhitektura Manastir Nimnik prati tradiciju srpske sakralne gradnje i kasnije obnove.,Ktitornu tradiciju Manastir Nimnik čine zadužbinari i dobročinitelji povezani sa istorijom kraja.,"Umetnička baština Manastir Nimnik obuhvata ikone, freske ili liturgijske predmete.",Danas Manastir Nimnik predstavlja mesto hodočašća i kulturnog sećanja.,"[{""title"": ""SPC / opšti izvor"", ""url"": ""https://spc.rs""}]"
vitovnica,Manastir Vitovnica je značajna pravoslavna svetinja i duhovno mesto u oblasti Istočna Srbija.,"Istorijat Manastir Vitovnica obuhvata vreme nastanka, obnove i očuvanja crkvenog života kroz različite epohe.",Arhitektura Manastir Vitovnica prati tradiciju srpske sakralne gradnje i kasnije obnove.,Ktitornu tradiciju Manastir Vitovnica čine zadužbinari i dobročinitelji povezani sa istorijom kraja.,"Umetnička baština Manastir Vitovnica obuhvata ikone, freske ili liturgijske predmete.",Danas Manastir Vitovnica predstavlja mesto hodočašća i kulturnog sećanja.,"[{""title"": ""SPC / opšti izvor"", ""url"": ""https://spc.rs""}]"
sisojevac,Manastir Sisojevac je značajna pravoslavna svetinja i duhovno mesto u oblasti Pomoravlje.,"Istorijat Manastir Sisojevac obuhvata vreme nastanka, obnove i očuvanja crkvenog života kroz različite epohe.",Arhitektura Manastir Sisojevac prati tradiciju srpske sakralne gradnje i kasnije obnove.,Ktitornu tradiciju Manastir Sisojevac čine zadužbinari i dobročinitelji povezani sa istorijom kraja.,"Umetnička baština Manastir Sisojevac obuhvata ikone, freske ili liturgijske predmete.",Danas Manastir Sisojevac predstavlja mesto hodočašća i kulturnog sećanja.,"[{""title"": ""SPC / opšti izvor"", ""url"": ""https://spc.rs""}]"
koporin,Manastir Koporin je značajna pravoslavna svetinja i duhovno mesto u oblasti Pomoravlje.,"Istorijat Manastir Koporin obuhvata vreme nastanka, obnove i očuvanja crkvenog života kroz različite epohe.",Arhitektura Manastir Koporin prati tradiciju srpske sakralne gradnje i kasnije obnove.,Ktitornu tradiciju Manastir Koporin čine zadužbinari i dobročinitelji povezani sa istorijom kraja.,"Umetnička baština Manastir Koporin obuhvata ikone, freske ili liturgijske predmete.",Danas Manastir Koporin predstavlja mesto hodočašća i kulturnog sećanja.,"[{""title"": ""SPC / opšti izvor"", ""url"": ""https://spc.rs""}]"
pokajnica,Manastir Pokajnica je značajna pravoslavna svetinja i duhovno mesto u oblasti Pomoravlje.,"Istorijat Manastir Pokajnica obuhvata vreme nastanka, obnove i očuvanja crkvenog života kroz različite epohe.",Arhitektura Manastir Pokajnica prati tradiciju srpske sakralne gradnje i kasnije obnove.,Ktitornu tradiciju Manastir Pokajnica čine zadužbinari i dobročinitelji povezani sa istorijom kraja.,"Umetnička baština Manastir Pokajnica obuhvata ikone, freske ili liturgijske predmete.",Danas Manastir Pokajnica predstavlja mesto hodočašća i kulturnog sećanja.,"[{""title"": ""SPC / opšti izvor"", ""url"": ""https://spc.rs""}]"
sveti-roman,Manastir Sveti Roman je značajna pravoslavna svetinja i duhovno mesto u oblasti Rasina.,"Istorijat Manastir Sveti Roman obuhvata vreme nastanka, obnove i očuvanja crkvenog života kroz različite epohe.",Arhitektura Manastir Sveti Roman prati tradiciju srpske sakralne gradnje i kasnije obnove.,Ktitornu tradiciju Manastir Sveti Roman čine zadužbinari i dobročinitelji povezani sa istorijom kraja.,"Umetnička baština Manastir Sveti Roman obuhvata ikone, freske ili liturgijske predmete.",Danas Manastir Sveti Roman predstavlja mesto hodočašća i kulturnog sećanja.,"[{""title"": ""SPC / opšti izvor"", ""url"": ""https://spc.rs""}]"
djunis,Manastir Đunis je značajna pravoslavna svetinja i duhovno mesto u oblasti Nišavski okrug.,"Istorijat Manastir Đunis obuhvata vreme nastanka, obnove i očuvanja crkvenog života kroz različite epohe.",Arhitektura Manastir Đunis prati tradiciju srpske sakralne gradnje i kasnije obnove.,Ktitornu tradiciju Manastir Đunis čine zadužbinari i dobročinitelji povezani sa istorijom kraja.,"Umetnička baština Manastir Đunis obuhvata ikone, freske ili liturgijske predmete.",Danas Manastir Đunis predstavlja mesto hodočašća i kulturnog sećanja.,"[{""title"": ""SPC / opšti izvor"", ""url"": ""https://spc.rs""}]"
lipovac,Manastir Lipovac je značajna pravoslavna svetinja i duhovno mesto u oblasti Pomoravlje.,"Istorijat Manastir Lipovac obuhvata vreme nastanka, obnove i očuvanja crkvenog života kroz različite epohe.",Arhitektura Manastir Lipovac prati tradiciju srpske sakralne gradnje i kasnije obnove.,Ktitornu tradiciju Manastir Lipovac čine zadužbinari i dobročinitelji povezani sa istorijom kraja.,"Umetnička baština Manastir Lipovac obuhvata ikone, freske ili liturgijske predmete.",Danas Manastir Lipovac predstavlja mesto hodočašća i kulturnog sećanja.,"[{""title"": ""SPC / opšti izvor"", ""url"": ""https://spc.rs""}]"
crna-reka,Manastir Crna Reka je značajna pravoslavna svetinja i duhovno mesto u oblasti Raška.,"Istorijat Manastir Crna Reka obuhvata vreme nastanka, obnove i očuvanja crkvenog života kroz različite epohe.",Arhitektura Manastir Crna Reka prati tradiciju srpske sakralne gradnje i kasnije obnove.,Ktitornu tradiciju Manastir Crna Reka čine zadužbinari i dobročinitelji povezani sa istorijom kraja.,"Umetnička baština Manastir Crna Reka obuhvata ikone, freske ili liturgijske predmete.",Danas Manastir Crna Reka predstavlja mesto hodočašća i kulturnog sećanja.,"[{""title"": ""SPC / opšti izvor"", ""url"": ""https://spc.rs""}]"
pridvorica,Manastir Pridvorica je značajna pravoslavna svetinja i duhovno mesto u oblasti Raška.,"Istorijat Manastir Pridvorica obuhvata vreme nastanka, obnove i očuvanja crkvenog života kroz različite epohe.",Arhitektura Manastir Pridvorica prati tradiciju srpske sakralne gradnje i kasnije obnove.,Ktitornu tradiciju Manastir Pridvorica čine zadužbinari i dobročinitelji povezani sa istorijom kraja.,"Umetnička baština Manastir Pridvorica obuhvata ikone, freske ili liturgijske predmete.",Danas Manastir Pridvorica predstavlja mesto hodočašća i kulturnog sećanja.,"[{""title"": ""SPC / opšti izvor"", ""url"": ""https://spc.rs""}]"
poganovo,Manastir Poganovo je značajna pravoslavna svetinja i duhovno mesto u oblasti Jugoistočna Srbija.,"Istorijat Manastir Poganovo obuhvata vreme nastanka, obnove i očuvanja crkvenog života kroz različite epohe.",Arhitektura Manastir Poganovo prati tradiciju srpske sakralne gradnje i kasnije obnove.,Ktitornu tradiciju Manastir Poganovo čine zadužbinari i dobročinitelji povezani sa istorijom kraja.,"Umetnička baština Manastir Poganovo obuhvata ikone, freske ili liturgijske predmete.",Danas Manastir Poganovo predstavlja mesto hodočašća i kulturnog sećanja.,"[{""title"": ""SPC / opšti izvor"", ""url"": ""https://spc.rs""}]"
sukovo,Manastir Sukovo je značajna pravoslavna svetinja i duhovno mesto u oblasti Jugoistočna Srbija.,"Istorijat Manastir Sukovo obuhvata vreme nastanka, obnove i očuvanja crkvenog života kroz različite epohe.",Arhitektura Manastir Sukovo prati tradiciju srpske sakralne gradnje i kasnije obnove.,Ktitornu tradiciju Manastir Sukovo čine zadužbinari i dobročinitelji povezani sa istorijom kraja.,"Umetnička baština Manastir Sukovo obuhvata ikone, freske ili liturgijske predmete.",Danas Manastir Sukovo predstavlja mesto hodočašća i kulturnog sećanja.,"[{""title"": ""SPC / opšti izvor"", ""url"": ""https://spc.rs""}]"
temska,Manastir Temska je značajna pravoslavna svetinja i duhovno mesto u oblasti Jugoistočna Srbija.,"Istorijat Manastir Temska obuhvata vreme nastanka, obnove i očuvanja crkvenog života kroz različite epohe.",Arhitektura Manastir Temska prati tradiciju srpske sakralne gradnje i kasnije obnove.,Ktitornu tradiciju Manastir Temska čine zadužbinari i dobročinitelji povezani sa istorijom kraja.,"Umetnička baština Manastir Temska obuhvata ikone, freske ili liturgijske predmete.",Danas Manastir Temska predstavlja mesto hodočašća i kulturnog sećanja.,"[{""title"": ""SPC / opšti izvor"", ""url"": ""https://spc.rs""}]"
prohor-pcinjski,Manastir Prohor Pčinjski je značajna pravoslavna svetinja i duhovno mesto u oblasti Južna Srbija.,"Istorijat Manastir Prohor Pčinjski obuhvata vreme nastanka, obnove i očuvanja crkvenog života kroz različite epohe.",Arhitektura Manastir Prohor Pčinjski prati tradiciju srpske sakralne gradnje i kasnije obnove.,Ktitornu tradiciju Manastir Prohor Pčinjski čine zadužbinari i dobročinitelji povezani sa istorijom kraja.,"Umetnička baština Manastir Prohor Pčinjski obuhvata ikone, freske ili liturgijske predmete.",Danas Manastir Prohor Pčinjski predstavlja mesto hodočašća i kulturnog sećanja.,"[{""title"": ""SPC / opšti izvor"", ""url"": ""https://spc.rs""}]"
sveta-petka-iverica,Manastir Sveta Petka Iverica je značajna pravoslavna svetinja i duhovno mesto u oblasti Beograd.,"Istorijat Manastir Sveta Petka Iverica obuhvata vreme nastanka, obnove i očuvanja crkvenog života kroz različite epohe.",Arhitektura Manastir Sveta Petka Iverica prati tradiciju srpske sakralne gradnje i kasnije obnove.,Ktitornu tradiciju Manastir Sveta Petka Iverica čine zadužbinari i dobročinitelji povezani sa istorijom kraja.,"Umetnička baština Manastir Sveta Petka Iverica obuhvata ikone, freske ili liturgijske predmete.",Danas Manastir Sveta Petka Iverica predstavlja mesto hodočašća i kulturnog sećanja.,"[{""title"": ""SPC / opšti izvor"", ""url"": ""https://spc.rs""}]"
bukovo,Manastir Bukovo je značajna pravoslavna svetinja i duhovno mesto u oblasti Istočna Srbija.,"Istorijat Manastir Bukovo obuhvata vreme nastanka, obnove i očuvanja crkvenog života kroz različite epohe.",Arhitektura Manastir Bukovo prati tradiciju srpske sakralne gradnje i kasnije obnove.,Ktitornu tradiciju Manastir Bukovo čine zadužbinari i dobročinitelji povezani sa istorijom kraja.,"Umetnička baština Manastir Bukovo obuhvata ikone, freske ili liturgijske predmete.",Danas Manastir Bukovo predstavlja mesto hodočašća i kulturnog sećanja.,"[{""title"": ""SPC / opšti izvor"", ""url"": ""https://spc.rs""}]"
vratna,Manastir Vratna je značajna pravoslavna svetinja i duhovno mesto u oblasti Istočna Srbija.,"Istorijat Manastir Vratna obuhvata vreme nastanka, obnove i očuvanja crkvenog života kroz različite epohe.",Arhitektura Manastir Vratna prati tradiciju srpske sakralne gradnje i kasnije obnove.,Ktitornu tradiciju Manastir Vratna čine zadužbinari i dobročinitelji povezani sa istorijom kraja.,"Umetnička baština Manastir Vratna obuhvata ikone, freske ili liturgijske predmete.",Danas Manastir Vratna predstavlja mesto hodočašća i kulturnog sećanja.,"[{""title"": ""SPC / opšti izvor"", ""url"": ""https://spc.rs""}]"
suvodol,Manastir Suvodol je značajna pravoslavna svetinja i duhovno mesto u oblasti Istočna Srbija.,"Istorijat Manastir Suvodol obuhvata vreme nastanka, obnove i očuvanja crkvenog života kroz različite epohe.",Arhitektura Manastir Suvodol prati tradiciju srpske sakralne gradnje i kasnije obnove.,Ktitornu tradiciju Manastir Suvodol čine zadužbinari i dobročinitelji povezani sa istorijom kraja.,"Umetnička baština Manastir Suvodol obuhvata ikone, freske ili liturgijske predmete.",Danas Manastir Suvodol predstavlja mesto hodočašća i kulturnog sećanja.,"[{""title"": ""SPC / opšti izvor"", ""url"": ""https://spc.rs""}]"
siga,Manastir Siga je značajna pravoslavna svetinja i duhovno mesto u oblasti Istočna Srbija.,"Istorijat Manastir Siga obuhvata vreme nastanka, obnove i očuvanja crkvenog života kroz različite epohe.",Arhitektura Manastir Siga prati tradiciju srpske sakralne gradnje i kasnije obnove.,Ktitornu tradiciju Manastir Siga čine zadužbinari i dobročinitelji povezani sa istorijom kraja.,"Umetnička baština Manastir Siga obuhvata ikone, freske ili liturgijske predmete.",Danas Manastir Siga predstavlja mesto hodočašća i kulturnog sećanja.,"[{""title"": ""SPC / opšti izvor"", ""url"": ""https://spc.rs""}]"
radosin,Manastir Radošin je značajna pravoslavna svetinja i duhovno mesto u oblasti Šumadija.,"Istorijat Manastir Radošin obuhvata vreme nastanka, obnove i očuvanja crkvenog života kroz različite epohe.",Arhitektura Manastir Radošin prati tradiciju srpske sakralne gradnje i kasnije obnove.,Ktitornu tradiciju Manastir Radošin čine zadužbinari i dobročinitelji povezani sa istorijom kraja.,"Umetnička baština Manastir Radošin obuhvata ikone, freske ili liturgijske predmete.",Danas Manastir Radošin predstavlja mesto hodočašća i kulturnog sećanja.,"[{""title"": ""SPC / opšti izvor"", ""url"": ""https://spc.rs""}]"
veluce,Manastir Veluće je značajna pravoslavna svetinja i duhovno mesto u oblasti Rasina.,"Istorijat Manastir Veluće obuhvata vreme nastanka, obnove i očuvanja crkvenog života kroz različite epohe.",Arhitektura Manastir Veluće prati tradiciju srpske sakralne gradnje i kasnije obnove.,Ktitornu tradiciju Manastir Veluće čine zadužbinari i dobročinitelji povezani sa istorijom kraja.,"Umetnička baština Manastir Veluće obuhvata ikone, freske ili liturgijske predmete.",Danas Manastir Veluće predstavlja mesto hodočašća i kulturnog sećanja.,"[{""title"": ""SPC / opšti izvor"", ""url"": ""https://spc.rs""}]"
naupara-stari,Manastir Naupara (stari) je značajna pravoslavna svetinja i duhovno mesto u oblasti Rasina.,"Istorijat Manastir Naupara (stari) obuhvata vreme nastanka, obnove i očuvanja crkvenog života kroz različite epohe.",Arhitektura Manastir Naupara (stari) prati tradiciju srpske sakralne gradnje i kasnije obnove.,Ktitornu tradiciju Manastir Naupara (stari) čine zadužbinari i dobročinitelji povezani sa istorijom kraja.,"Umetnička baština Manastir Naupara (stari) obuhvata ikone, freske ili liturgijske predmete.",Danas Manastir Naupara (stari) predstavlja mesto hodočašća i kulturnog sećanja.,"[{""title"": ""SPC / opšti izvor"", ""url"": ""https://spc.rs""}]"
sveti-stefan-lipovac,Manastir Sveti Stefan (Lipovac) je značajna pravoslavna svetinja i duhovno mesto u oblasti Pomoravlje.,"Istorijat Manastir Sveti Stefan (Lipovac) obuhvata vreme nastanka, obnove i očuvanja crkvenog života kroz različite epohe.",Arhitektura Manastir Sveti Stefan (Lipovac) prati tradiciju srpske sakralne gradnje i kasnije obnove.,Ktitornu tradiciju Manastir Sveti Stefan (Lipovac) čine zadužbinari i dobročinitelji povezani sa istorijom kraja.,"Umetnička baština Manastir Sveti Stefan (Lipovac) obuhvata ikone, freske ili liturgijske predmete.",Danas Manastir Sveti Stefan (Lipovac) predstavlja mesto hodočašća i kulturnog sećanja.,"[{""title"": ""SPC / opšti izvor"", ""url"": ""https://spc.rs""}]"
sv-trojica-gornjak,Manastir Sv. Trojica (Gornjak) je značajna pravoslavna svetinja i duhovno mesto u oblasti Istočna Srbija.,"Istorijat Manastir Sv. Trojica (Gornjak) obuhvata vreme nastanka, obnove i očuvanja crkvenog života kroz različite epohe.",Arhitektura Manastir Sv. Trojica (Gornjak) prati tradiciju srpske sakralne gradnje i kasnije obnove.,Ktitornu tradiciju Manastir Sv. Trojica (Gornjak) čine zadužbinari i dobročinitelji povezani sa istorijom kraja.,"Umetnička baština Manastir Sv. Trojica (Gornjak) obuhvata ikone, freske ili liturgijske predmete.",Danas Manastir Sv. Trojica (Gornjak) predstavlja mesto hodočašća i kulturnog sećanja.,"[{""title"": ""SPC / opšti izvor"", ""url"": ""https://spc.rs""}]"
jermencic,Manastir Jermenčić je značajna pravoslavna svetinja i duhovno mesto u oblasti Jugoistočna Srbija.,"Istorijat Manastir Jermenčić obuhvata vreme nastanka, obnove i očuvanja crkvenog života kroz različite epohe.",Arhitektura Manastir Jermenčić prati tradiciju srpske sakralne gradnje i kasnije obnove.,Ktitornu tradiciju Manastir Jermenčić čine zadužbinari i dobročinitelji povezani sa istorijom kraja.,"Umetnička baština Manastir Jermenčić obuhvata ikone, freske ili liturgijske predmete.",Danas Manastir Jermenčić predstavlja mesto hodočašća i kulturnog sećanja.,"[{""title"": ""SPC / opšti izvor"", ""url"": ""https://spc.rs""}]"
krepicevac,Manastir Krepičevac je značajna pravoslavna svetinja i duhovno mesto u oblasti Šumadija.,"Istorijat Manastir Krepičevac obuhvata vreme nastanka, obnove i očuvanja crkvenog života kroz različite epohe.",Arhitektura Manastir Krepičevac prati tradiciju srpske sakralne gradnje i kasnije obnove.,Ktitornu tradiciju Manastir Krepičevac čine zadužbinari i dobročinitelji povezani sa istorijom kraja.,"Umetnička baština Manastir Krepičevac obuhvata ikone, freske ili liturgijske predmete.",Danas Manastir Krepičevac predstavlja mesto hodočašća i kulturnog sećanja.,"[{""title"": ""SPC / opšti izvor"", ""url"": ""https://spc.rs""}]"
pavlovica,Manastir Pavlovica je značajna pravoslavna svetinja i duhovno mesto u oblasti Srem.,"Istorijat Manastir Pavlovica obuhvata vreme nastanka, obnove i očuvanja crkvenog života kroz različite epohe.",Arhitektura Manastir Pavlovica prati tradiciju srpske sakralne gradnje i kasnije obnove.,Ktitornu tradiciju Manastir Pavlovica čine zadužbinari i dobročinitelji povezani sa istorijom kraja.,"Umetnička baština Manastir Pavlovica obuhvata ikone, freske ili liturgijske predmete.",Danas Manastir Pavlovica predstavlja mesto hodočašća i kulturnog sećanja.,"[{""title"": ""SPC / opšti izvor"", ""url"": ""https://spc.rs""}]"
kovilj-gornji,Manastir Kovilj (Gornji) je značajna pravoslavna svetinja i duhovno mesto u oblasti Vojvodina.,"Istorijat Manastir Kovilj (Gornji) obuhvata vreme nastanka, obnove i očuvanja crkvenog života kroz različite epohe.",Arhitektura Manastir Kovilj (Gornji) prati tradiciju srpske sakralne gradnje i kasnije obnove.,Ktitornu tradiciju Manastir Kovilj (Gornji) čine zadužbinari i dobročinitelji povezani sa istorijom kraja.,"Umetnička baština Manastir Kovilj (Gornji) obuhvata ikone, freske ili liturgijske predmete.",Danas Manastir Kovilj (Gornji) predstavlja mesto hodočašća i kulturnog sećanja.,"[{""title"": ""SPC / opšti izvor"", ""url"": ""https://spc.rs""}]"
vavedenje-sremcica,Manastir Vavedenje (Sremčica) je značajna pravoslavna svetinja i duhovno mesto u oblasti Beograd.,"Istorijat Manastir Vavedenje (Sremčica) obuhvata vreme nastanka, obnove i očuvanja crkvenog života kroz različite epohe.",Arhitektura Manastir Vavedenje (Sremčica) prati tradiciju srpske sakralne gradnje i kasnije obnove.,Ktitornu tradiciju Manastir Vavedenje (Sremčica) čine zadužbinari i dobročinitelji povezani sa istorijom kraja.,"Umetnička baština Manastir Vavedenje (Sremčica) obuhvata ikone, freske ili liturgijske predmete.",Danas Manastir Vavedenje (Sremčica) predstavlja mesto hodočašća i kulturnog sećanja.,"[{""title"": ""SPC / opšti izvor"", ""url"": ""https://spc.rs""}]"
mileticevo,Manastir Miletićevo je značajna pravoslavna svetinja i duhovno mesto u oblasti Vojvodina.,"Istorijat Manastir Miletićevo obuhvata vreme nastanka, obnove i očuvanja crkvenog života kroz različite epohe.",Arhitektura Manastir Miletićevo prati tradiciju srpske sakralne gradnje i kasnije obnove.,Ktitornu tradiciju Manastir Miletićevo čine zadužbinari i dobročinitelji povezani sa istorijom kraja.,"Umetnička baština Manastir Miletićevo obuhvata ikone, freske ili liturgijske predmete.",Danas Manastir Miletićevo predstavlja mesto hodočašća i kulturnog sećanja.,"[{""title"": ""SPC / opšti izvor"", ""url"": ""https://spc.rs""}]"
kucajna,Manastir Kučajna je značajna pravoslavna svetinja i duhovno mesto u oblasti Istočna Srbija.,"Istorijat Manastir Kučajna obuhvata vreme nastanka, obnove i očuvanja crkvenog života kroz različite epohe.",Arhitektura Manastir Kučajna prati tradiciju srpske sakralne gradnje i kasnije obnove.,Ktitornu tradiciju Manastir Kučajna čine zadužbinari i dobročinitelji povezani sa istorijom kraja.,"Umetnička baština Manastir Kučajna obuhvata ikone, freske ili liturgijske predmete.",Danas Manastir Kučajna predstavlja mesto hodočašća i kulturnog sećanja.,"[{""title"": ""SPC / opšti izvor"", ""url"": ""https://spc.rs""}]"
jermencic-ravniste,Manastir Jermenčić (Ravnište) je značajna pravoslavna svetinja i duhovno mesto u oblasti Jugoistočna Srbija.,"Istorijat Manastir Jermenčić (Ravnište) obuhvata vreme nastanka, obnove i očuvanja crkvenog života kroz različite epohe.",Arhitektura Manastir Jermenčić (Ravnište) prati tradiciju srpske sakralne gradnje i kasnije obnove.,Ktitornu tradiciju Manastir Jermenčić (Ravnište) čine zadužbinari i dobročinitelji povezani sa istorijom kraja.,"Umetnička baština Manastir Jermenčić (Ravnište) obuhvata ikone, freske ili liturgijske predmete.",Danas Manastir Jermenčić (Ravnište) predstavlja mesto hodočašća i kulturnog sećanja.,"[{""title"": ""SPC / opšti izvor"", ""url"": ""https://spc.rs""}]"
sv-arhangeli-resava,Manastir Sv. Arhangeli (Resava) je značajna pravoslavna svetinja i duhovno mesto u oblasti Pomoravlje.,"Istorijat Manastir Sv. Arhangeli (Resava) obuhvata vreme nastanka, obnove i očuvanja crkvenog života kroz različite epohe.",Arhitektura Manastir Sv. Arhangeli (Resava) prati tradiciju srpske sakralne gradnje i kasnije obnove.,Ktitornu tradiciju Manastir Sv. Arhangeli (Resava) čine zadužbinari i dobročinitelji povezani sa istorijom kraja.,"Umetnička baština Manastir Sv. Arhangeli (Resava) obuhvata ikone, freske ili liturgijske predmete.",Danas Manastir Sv. Arhangeli (Resava) predstavlja mesto hodočašća i kulturnog sećanja.,"[{""title"": ""SPC / opšti izvor"", ""url"": ""https://spc.rs""}]"
drenca,Manastir Drenča je značajna pravoslavna svetinja i duhovno mesto u oblasti Šumadija.,"Istorijat Manastir Drenča obuhvata vreme nastanka, obnove i očuvanja crkvenog života kroz različite epohe.",Arhitektura Manastir Drenča prati tradiciju srpske sakralne gradnje i kasnije obnove.,Ktitornu tradiciju Manastir Drenča čine zadužbinari i dobročinitelji povezani sa istorijom kraja.,"Umetnička baština Manastir Drenča obuhvata ikone, freske ili liturgijske predmete.",Danas Manastir Drenča predstavlja mesto hodočašća i kulturnog sećanja.,"[{""title"": ""SPC / opšti izvor"", ""url"": ""https://spc.rs""}]"
rudenica,Manastir Rudenica je značajna pravoslavna svetinja i duhovno mesto u oblasti Šumadija.,"Istorijat Manastir Rudenica obuhvata vreme nastanka, obnove i očuvanja crkvenog života kroz različite epohe.",Arhitektura Manastir Rudenica prati tradiciju srpske sakralne gradnje i kasnije obnove.,Ktitornu tradiciju Manastir Rudenica čine zadužbinari i dobročinitelji povezani sa istorijom kraja.,"Umetnička baština Manastir Rudenica obuhvata ikone, freske ili liturgijske predmete.",Danas Manastir Rudenica predstavlja mesto hodočašća i kulturnog sećanja.,"[{""title"": ""SPC / opšti izvor"", ""url"": ""https://spc.rs""}]"
